Parameter,Model A,Model B,Model C
i,88.39568159446347+0.8557190483726771-0.9860796186917042,87.54069213161702+0.43098898185745327-0.5140042763440249,87.30852050543098+0.39644874320137546-0.4469813438977468
P,3.7353984634338695+0.00012925396875784756-0.00012634649674092557,3.735484831616331+0.0000006232-0.0000016617,3.735484553218816+0.0000018351-0.0000018212
RpRs,0.1203829698708299+0.00046385548844797564-0.0005758250702308232,0.12130714805888419+0.000404658423926868-0.00039279328929267554,0.12217592094892667+0.0005177504782353098-0.0005317829957894732
a/R*,7.39832492366634+0.20282872618265113-0.13350520175139824,7.190146553234434+0.12385182418808682-0.1285981478189422,7.115132869990389+0.12153948281163807-0.12358911715488485
colour,blue,sienna,red