Parameter,A,B,C,D
T_0,1630.8616372587185+0.000403052167257556-0.00038458031576737994,1630.8614027811377+0.00024389931195401005-0.0002391564705703786,1630.861610663565+0.00029717062670897576-0.0002908106357608631,1630.8614881350509+0.00026684631575335516-0.00026579755922284676
RpRs,0.12053255948195171+0.0004945013872587195-0.0005863619186748659,0.12147588016957986+0.0003907017476803415-0.0003824931670753512,0.12132331355382717+0.0009057218589828414-0.0009405511105848724,0.12217592094892667+0.0005177504782353098-0.0005317829957894732
P,3.7353949699236395+0.00012754633562384043-0.00013292437702805415,3.7354848561896956+0.00000162-0.00000166,3.735457546163345+0.00005353-0.00006277,3.735484553218816+0.0000018351-0.0000018212
i,88.26186724077056+0.8517547512023071-1.068488374267119,87.42096806870872+0.3995554192736961-0.48575816676900274,88.05242038422188+0.8237098425502438-1.0511485587420992,87.30852050543098+0.39644874320137546-0.4469813438977468
a/R*,7.377730002496927+0.21106325142519733-0.15421152502392577,7.16077405519621+0.11950623348097089-0.1293468212601674,7.309401355606358+0.21775645687941125-0.18176546546827677,7.115132869990389+0.12153948281163807-0.12358911715488485
sigma,---,---,0.0008084652860793481+0.00007816-0.00010340527501546308,0.0005494388244872845+0.00003614-0.00004188
rho,---,---,0.19044211595490584+0.027793919426255725-0.034964911832951306,0.19517484193733126+0.023188086236041294-0.028625740174133413
transits,5,12,5,12
colour,"(0.650746, 0.125309, 0.595617, 1.0)","(0.798216, 0.280197, 0.469538, 1.0)","(0.907365, 0.434524, 0.35297, 1.0)","(0.979233, 0.607532, 0.238013, 1.0)"