Parameter,"TICv8 ",Gaia DR2,"Mancini et al. 2018 ","Bonomo et al. 2017 ","Maciejewski et al. 2016 ","Faedi et al. 2011 ","ExoFOP-TESS TOI "
T_eff,"5326.600+154.529-123.405",5341.0+203.0-89.7,"5485+/-50","5400+/-150","---","5400+/-150","5326.600+/-138.967"
stellar_radius,"1.0134200+0.0712322-0.0590191",0.92868525+0.03199760-0.06676460,"0.939+/-0.022","0.895+/-0.023","0.918+0.022-0.019","0.895+/-0.023","1.01341998577118+/-0.06512570000000"
metallicity,"---",---,"0.01+/-0.09","-0.120+/-0.100","---","---","---"
stellar_density,"1.2434767+0.3401812-0.2671663",---,"1.555+/-0.080","---","1.692+0.106-0.089","---","---"
log_g,"4.3893300+0.0890882-0.0833042",---,"4.453+/-0.012","---","4.480+0.029-0.025","---","4.3893300+/-0.0861962"
colour,"#1f77b4",#ff7f0e,"#2ca02c","#d62728","#9467bd","#8c564b","#e377c2"